"relative_path","files","dirs"
"packages/migration","56","21"
"packages/migration/ENGREMIAT_LEGACY_HANDOFF_KIT_20260611-181116","12","4"
"packages/migration/ENGREMIAT_LEGACY_HANDOFF_KIT_20260611-181130","12","4"
"packages/migration/ENGREMIAT_LEGACY_HANDOFF_KIT_20260611-181201","12","4"
"packages/migration/ENGREMIAT_LEGACY_HANDOFF_KIT_20260611-181452","20","5"
"packages/migration/ENGREMIAT_LEGACY_HANDOFF_KIT_20260611-181116/contracts","2","0"
"packages/migration/ENGREMIAT_LEGACY_HANDOFF_KIT_20260611-181116/docs","5","0"
"packages/migration/ENGREMIAT_LEGACY_HANDOFF_KIT_20260611-181116/manifests","1","0"
"packages/migration/ENGREMIAT_LEGACY_HANDOFF_KIT_20260611-181116/scripts","3","0"
"packages/migration/ENGREMIAT_LEGACY_HANDOFF_KIT_20260611-181130/contracts","2","0"
"packages/migration/ENGREMIAT_LEGACY_HANDOFF_KIT_20260611-181130/docs","5","0"
"packages/migration/ENGREMIAT_LEGACY_HANDOFF_KIT_20260611-181130/manifests","1","0"
"packages/migration/ENGREMIAT_LEGACY_HANDOFF_KIT_20260611-181130/scripts","3","0"
"packages/migration/ENGREMIAT_LEGACY_HANDOFF_KIT_20260611-181201/contracts","2","0"
"packages/migration/ENGREMIAT_LEGACY_HANDOFF_KIT_20260611-181201/docs","5","0"
"packages/migration/ENGREMIAT_LEGACY_HANDOFF_KIT_20260611-181201/manifests","1","0"
"packages/migration/ENGREMIAT_LEGACY_HANDOFF_KIT_20260611-181201/scripts","3","0"
"packages/migration/ENGREMIAT_LEGACY_HANDOFF_KIT_20260611-181452/contracts","2","0"
"packages/migration/ENGREMIAT_LEGACY_HANDOFF_KIT_20260611-181452/docs","7","0"
"packages/migration/ENGREMIAT_LEGACY_HANDOFF_KIT_20260611-181452/launchers","3","0"
"packages/migration/ENGREMIAT_LEGACY_HANDOFF_KIT_20260611-181452/manifests","1","0"
"packages/migration/ENGREMIAT_LEGACY_HANDOFF_KIT_20260611-181452/scripts","3","0"
