"check_id","check","passed"
"HANDOFF-001","Seven development blocks validated","True"
"HANDOFF-002","Installation package manifest exists","True"
"HANDOFF-003","Installer plan exists","True"
"HANDOFF-004","Compatibility strategy exists","True"
"HANDOFF-005","Only ENG_HUMAN_REVIEW permits human editing","True"
"HANDOFF-006","STG tabs remain untouched","True"
"HANDOFF-007","Approval does not execute operational action","True"
"HANDOFF-008","Real worker deferred to MAIN PC","True"
"HANDOFF-009","Real readonly audit required before installation","True"
"HANDOFF-010","Real write requires separate explicit human authorization","True"
